mutator_1,mutator_2,batch_a_rate,batch_b_rate,batch_c_rate,batch_d_rate,mean_complete_count,sd_complete_count,retained_at_mean_median
ea-encryption,ea-fictional,0.09038461538461538,0.07307692307692308,0.08846153846153847,0.08846153846153847,44.25,4.193248541803041,False
ea-encryption,ea-obfuscation,0.24423076923076922,0.23076923076923078,0.23653846153846153,0.2903846153846154,130.25,14.1273965518539,False
ea-encryption,ea-paraphrasing,0.14423076923076922,0.14615384615384616,0.12115384615384615,0.12692307692307692,70.0,6.480740698407861,False
ea-encryption,ea-translation,0.04038461538461539,0.05576923076923077,0.038461538461538464,0.057692307692307696,25.000000000000004,5.228129047119374,False
ea-encryption,mm-cognitive-hacking,0.0019230769230769232,0.0,0.0,0.0,0.25,0.5,False
ea-encryption,mm-forced-completion,0.011538461538461539,0.007692307692307693,0.0057692307692307696,0.007692307692307693,4.25,1.2583057392117918,False
ea-encryption,mm-gaslighting,0.007692307692307693,0.0038461538461538464,0.013461538461538462,0.01730769230769231,5.5,3.1091263510296048,False
ea-encryption,mm-nshot-hacking,0.1346153846153846,0.11538461538461539,0.1423076923076923,0.11538461538461539,66.0,7.118052168020871,False
ea-encryption,mm-privilege-escalation,0.0057692307692307696,0.015384615384615385,0.009615384615384616,0.01730769230769231,6.25,2.753785273643051,False
ea-encryption,mm-prompt-injection,0.0038461538461538464,0.0038461538461538464,0.0038461538461538464,0.0,1.5,1.0,False
ea-encryption,mm-roleplay,0.009615384615384616,0.009615384615384616,0.0038461538461538464,0.009615384615384616,4.25,1.5,False
ea-fictional,ea-encryption,0.5673076923076923,0.55,0.6634615384615384,0.5923076923076923,308.5,25.955089417427676,True
ea-fictional,ea-obfuscation,0.8557692307692307,0.875,0.8557692307692307,0.8846153846153846,451.25,7.500000000000006,True
ea-fictional,ea-paraphrasing,0.925,0.9173076923076923,0.9365384615384615,0.9326923076923077,482.5,4.434711565216698,True
ea-fictional,ea-translation,0.8365384615384616,0.8576923076923076,0.8461538461538461,0.8538461538461538,441.25,4.8562674281111375,True
ea-fictional,mm-cognitive-hacking,0.4423076923076923,0.4269230769230769,0.4634615384615385,0.425,228.50000000000003,9.255628917943222,True
ea-fictional,mm-forced-completion,0.04423076923076923,0.05384615384615385,0.04807692307692308,0.03653846153846154,23.750000000000004,3.7749172176353754,False
ea-fictional,mm-gaslighting,0.36538461538461536,0.4173076923076923,0.4153846153846154,0.36730769230769234,203.5,15.02220578565834,True
ea-fictional,mm-nshot-hacking,0.11538461538461539,0.125,0.07884615384615384,0.07692307692307693,51.5,12.871156384205216,False
ea-fictional,mm-privilege-escalation,0.37115384615384617,0.33076923076923076,0.31346153846153846,0.3173076923076923,173.25,13.720422734012251,True
ea-fictional,mm-prompt-injection,0.14615384615384616,0.16538461538461538,0.13846153846153847,0.1346153846153846,76.0,7.118052168020873,False
ea-fictional,mm-roleplay,0.698076923076923,0.725,0.7307692307692307,0.6903846153846154,369.75,10.307764064044147,True
ea-obfuscation,ea-encryption,0.04038461538461539,0.023076923076923078,0.04423076923076923,0.038461538461538464,19.0,4.83045891539648,False
ea-obfuscation,ea-fictional,0.0,0.0019230769230769232,0.0,0.007692307692307693,1.25,1.8929694486000912,False
ea-obfuscation,ea-paraphrasing,0.007692307692307693,0.0,0.0057692307692307696,0.009615384615384616,3.0,2.160246899469287,False
ea-obfuscation,ea-translation,0.011538461538461539,0.007692307692307693,0.01730769230769231,0.007692307692307693,5.75,2.362907813126304,False
ea-obfuscation,mm-cognitive-hacking,0.0,0.0,0.0,0.0019230769230769232,0.25,0.5,False
ea-obfuscation,mm-forced-completion,0.0038461538461538464,0.0,0.0057692307692307696,0.0038461538461538464,1.75,1.2583057392117918,False
ea-obfuscation,mm-gaslighting,0.0038461538461538464,0.0,0.0,0.0019230769230769232,0.75,0.9574271077563382,False
ea-obfuscation,mm-nshot-hacking,0.0,0.0,0.0,0.0,0.0,0.0,False
ea-obfuscation,mm-privilege-escalation,0.0,0.0,0.0,0.0,0.0,0.0,False
ea-obfuscation,mm-prompt-injection,0.0,0.0,0.0,0.0,0.0,0.0,False
ea-obfuscation,mm-roleplay,0.0,0.0,0.0019230769230769232,0.0,0.25,0.5,False
ea-paraphrasing,ea-encryption,0.43653846153846154,0.4442307692307692,0.4173076923076923,0.4461538461538462,226.75,6.849574196011503,True
ea-paraphrasing,ea-fictional,0.0019230769230769232,0.0057692307692307696,0.0019230769230769232,0.0038461538461538464,1.75,0.9574271077563382,False
ea-paraphrasing,ea-obfuscation,0.875,0.9961538461538462,0.8692307692307693,0.8788461538461538,470.5,31.73326330524486,True
ea-paraphrasing,ea-translation,0.7115384615384616,0.7115384615384616,0.7,0.6923076923076923,365.99999999999994,4.89897948556637,True
ea-paraphrasing,mm-cognitive-hacking,0.0,0.0,0.0,0.0,0.0,0.0,False
ea-paraphrasing,mm-forced-completion,0.08846153846153847,0.08461538461538462,0.09423076923076923,0.08461538461538462,45.74999999999999,2.3629078131263026,False
ea-paraphrasing,mm-gaslighting,0.0019230769230769232,0.0057692307692307696,0.0057692307692307696,0.0057692307692307696,2.5,1.0,False
ea-paraphrasing,mm-nshot-hacking,0.2403846153846154,0.16923076923076924,0.20576923076923076,0.19230769230769232,105.0,15.470401847829722,False
ea-paraphrasing,mm-privilege-escalation,0.013461538461538462,0.019230769230769232,0.023076923076923078,0.01730769230769231,9.5,2.081665999466133,False
ea-paraphrasing,mm-prompt-injection,0.026923076923076925,0.01730769230769231,0.028846153846153848,0.026923076923076925,13.0,2.7080128015453204,False
ea-paraphrasing,mm-roleplay,0.013461538461538462,0.026923076923076925,0.025,0.019230769230769232,11.0,3.1622776601683795,False
ea-translation,ea-encryption,0.16538461538461538,0.18653846153846154,0.17115384615384616,0.1596153846153846,88.74999999999999,6.0207972893961506,False
ea-translation,ea-fictional,0.38269230769230766,0.4230769230769231,0.3346153846153846,0.40384615384615385,200.74999999999997,19.78846465326033,True
ea-translation,ea-obfuscation,0.8211538461538461,0.8557692307692307,0.8692307692307693,0.8403846153846154,440.25,10.750968948580098,True
ea-translation,ea-paraphrasing,0.5615384615384615,0.6423076923076924,0.6,0.5903846153846154,311.25000000000006,17.38533865071372,True
ea-translation,mm-cognitive-hacking,0.6076923076923076,0.4596153846153846,0.5269230769230769,0.5596153846153846,280.00000000000006,32.32130360407306,True
ea-translation,mm-forced-completion,0.5461538461538461,0.5480769230769231,0.5153846153846153,0.5326923076923077,278.5,7.8528126595931775,True
ea-translation,mm-gaslighting,0.7365384615384616,0.7788461538461539,0.7403846153846154,0.7076923076923077,385.25,15.195942440884226,True
ea-translation,mm-nshot-hacking,0.7307692307692307,0.7230769230769231,0.7269230769230769,0.75,381.0,6.218252702059216,True
ea-translation,mm-privilege-escalation,0.47115384615384615,0.4807692307692308,0.49615384615384617,0.49038461538461536,252.0,5.715476066494084,True
ea-translation,mm-prompt-injection,0.07115384615384615,0.07115384615384615,0.07884615384615384,0.0673076923076923,37.5,2.5166114784235836,False
ea-translation,mm-roleplay,0.49230769230769234,0.47692307692307695,0.49615384615384617,0.5346153846153846,260.0,12.75408431313932,True
mm-cognitive-hacking,ea-encryption,0.9442307692307692,0.95,0.9634615384615385,0.95,495.0,4.242640687119297,True
mm-cognitive-hacking,ea-fictional,0.6865384615384615,0.6846153846153846,0.65,0.6903846153846154,352.5,9.74679434480896,True
mm-cognitive-hacking,ea-obfuscation,0.9961538461538462,0.9961538461538462,0.9942307692307693,0.9942307692307693,517.5,0.5773502691896237,True
mm-cognitive-hacking,ea-paraphrasing,0.4596153846153846,0.4230769230769231,0.47904191616766467,0.4288461538461538,232.7754491017964,13.712113320162334,True
mm-cognitive-hacking,ea-translation,0.9173076923076923,0.9096153846153846,0.9346153846153846,0.9134615384615384,477.75,5.73730482601951,True
mm-cognitive-hacking,mm-forced-completion,0.225,0.23846153846153847,0.2,0.2230769230769231,115.25000000000001,8.301606270274847,False
mm-cognitive-hacking,mm-gaslighting,0.8865384615384615,0.9,0.9134615384615384,0.875,464.74999999999994,8.65544144839919,True
mm-cognitive-hacking,mm-nshot-hacking,0.5576923076923077,0.5923076923076923,0.5288461538461539,0.5653846153846154,291.74999999999994,13.573871960498227,True
mm-cognitive-hacking,mm-privilege-escalation,0.9326923076923077,0.9538461538461539,0.9365384615384615,0.9461538461538461,490.0,4.966554808583785,True
mm-cognitive-hacking,mm-prompt-injection,0.2076923076923077,0.20576923076923076,0.2153846153846154,0.21923076923076923,110.25,3.3040379335998358,False
mm-cognitive-hacking,mm-roleplay,0.9115384615384615,0.8711538461538462,0.9019230769230769,0.8788461538461538,463.24999999999994,9.87842767515829,True
mm-forced-completion,ea-encryption,0.8153846153846154,0.7769230769230769,0.7980769230769231,0.8115384615384615,416.24999999999994,9.032349269892812,True
mm-forced-completion,ea-fictional,0.025,0.01730769230769231,0.021153846153846155,0.01730769230769231,10.499999999999998,1.9148542155126764,False
mm-forced-completion,ea-obfuscation,0.8769230769230769,0.8673076923076923,0.8730769230769231,0.8730769230769231,453.75,2.0615528128088227,True
mm-forced-completion,ea-paraphrasing,0.5980769230769231,0.65,0.65,0.6596153846153846,332.5,14.525839046333957,True
mm-forced-completion,ea-translation,0.7980769230769231,0.8134615384615385,0.8326923076923077,0.825,425.0,7.831560082980479,True
mm-forced-completion,mm-cognitive-hacking,0.021153846153846155,0.011538461538461539,0.013461538461538462,0.011538461538461539,7.5,2.380476142847616,False
mm-forced-completion,mm-gaslighting,0.21153846153846154,0.18653846153846154,0.2230769230769231,0.2,106.75,8.139410298049855,False
mm-forced-completion,mm-nshot-hacking,0.23846153846153847,0.2230769230769231,0.25576923076923075,0.2692307692307692,128.25,10.46820583162813,False
mm-forced-completion,mm-privilege-escalation,0.24615384615384617,0.23076923076923078,0.25769230769230766,0.22884615384615384,125.25,7.088723439378907,False
mm-forced-completion,mm-prompt-injection,0.057692307692307696,0.051923076923076926,0.038461538461538464,0.04807692307692308,25.5,4.203173404306164,False
mm-forced-completion,mm-roleplay,0.5403846153846154,0.5461538461538461,0.551923076923077,0.5346153846153846,282.5,3.8729833462074255,True
mm-gaslighting,ea-encryption,0.9115384615384615,0.8903846153846153,0.9307692307692308,0.925,475.49999999999994,9.327379053088837,True
mm-gaslighting,ea-fictional,0.6153846153846154,0.6153846153846154,0.65,0.6153846153846154,324.5,8.999999999999996,True
mm-gaslighting,ea-obfuscation,0.9153846153846154,0.925,0.9288461538461539,0.9153846153846154,479.0,3.5590260840104566,True
mm-gaslighting,ea-paraphrasing,0.6384615384615384,0.6153846153846154,0.6461538461538462,0.5903846153846154,323.75,13.07351011269225,True
mm-gaslighting,ea-translation,0.7769230769230769,0.7576923076923077,0.8115384615384615,0.7769230769230769,405.99999999999994,11.661903789690607,True
mm-gaslighting,mm-cognitive-hacking,0.7788461538461539,0.7846153846153846,0.7865384615384615,0.7615384615384615,404.5,5.916079783099622,True
mm-gaslighting,mm-forced-completion,0.5653846153846154,0.5673076923076923,0.5480769230769231,0.5865384615384616,294.75,8.18026079453868,True
mm-gaslighting,mm-nshot-hacking,0.7730769230769231,0.7692307692307693,0.7711538461538462,0.775,401.5,1.290994448735801,True
mm-gaslighting,mm-privilege-escalation,0.9307692307692308,0.9211538461538461,0.9384615384615385,0.9211538461538461,482.5,4.358898943540689,True
mm-gaslighting,mm-prompt-injection,0.5923076923076923,0.6,0.65,0.6115384615384616,319.0,13.316656236958792,True
mm-gaslighting,mm-roleplay,0.7211538461538461,0.6961538461538461,0.7346153846153847,0.7269230769230769,374.25,8.655441448399204,True
mm-nshot-hacking,ea-encryption,0.18846153846153846,0.16923076923076924,0.175,0.16538461538461538,90.75,5.251983752196243,False
mm-nshot-hacking,ea-fictional,0.08461538461538462,0.1076923076923077,0.0673076923076923,0.10576923076923077,47.50000000000001,9.9498743710662,False
mm-nshot-hacking,ea-obfuscation,0.7423076923076923,0.725,0.698076923076923,0.75,379.00000000000006,11.972189997378658,True
mm-nshot-hacking,ea-paraphrasing,0.5826923076923077,0.5923076923076923,0.5942307692307692,0.5653846153846154,303.49999999999994,6.855654600401046,True
mm-nshot-hacking,ea-translation,0.6403846153846153,0.6269230769230769,0.6038461538461538,0.6076923076923076,322.25,8.88350531415762,True
mm-nshot-hacking,mm-cognitive-hacking,0.038461538461538464,0.03653846153846154,0.03461538461538462,0.03653846153846154,19.0,0.8164965809277261,False
mm-nshot-hacking,mm-forced-completion,0.04230769230769231,0.03076923076923077,0.028846153846153848,0.038461538461538464,18.25,3.304037933599835,False
mm-nshot-hacking,mm-gaslighting,0.23846153846153847,0.2153846153846154,0.2326923076923077,0.20961538461538462,116.5,7.14142842854285,False
mm-nshot-hacking,mm-privilege-escalation,0.15,0.1576923076923077,0.11538461538461539,0.1326923076923077,72.25,9.81070843517429,False
mm-nshot-hacking,mm-prompt-injection,0.16923076923076924,0.1673076923076923,0.16538461538461538,0.15,84.75,4.5734742446707495,False
mm-nshot-hacking,mm-roleplay,0.08461538461538462,0.09615384615384616,0.10384615384615385,0.10961538461538461,51.25000000000001,5.619905100029121,False
mm-privilege-escalation,ea-encryption,0.8269230769230769,0.8153846153846154,0.7961538461538461,0.8173076923076923,423.24999999999994,6.701989754294369,True
mm-privilege-escalation,ea-fictional,0.2673076923076923,0.25576923076923075,0.2846153846153846,0.25961538461538464,138.75,6.652067347825033,True
mm-privilege-escalation,ea-obfuscation,0.9788461538461538,0.975,0.9769230769230769,0.975,507.75,0.9574271077563347,True
mm-privilege-escalation,ea-paraphrasing,0.7442307692307693,0.725,0.7211538461538461,0.7307692307692307,379.75000000000006,5.251983752196251,True
mm-privilege-escalation,ea-translation,0.8730769230769231,0.8134615384615385,0.8288461538461539,0.8173076923076923,433.25,14.2448821218944,True
mm-privilege-escalation,mm-cognitive-hacking,0.27307692307692305,0.28846153846153844,0.3,0.3173076923076923,153.25,9.708243919473801,True
mm-privilege-escalation,mm-forced-completion,0.2173076923076923,0.2653846153846154,0.2519230769230769,0.2865384615384615,132.75,15.107944929738123,False
mm-privilege-escalation,mm-gaslighting,0.5019230769230769,0.5538461538461539,0.5538461538461539,0.575,284.00000000000006,16.18641405623864,True
mm-privilege-escalation,mm-nshot-hacking,0.15,0.13846153846153847,0.16153846153846155,0.13076923076923078,75.49999999999999,6.999999999999999,False
mm-privilege-escalation,mm-prompt-injection,0.8211538461538461,0.823076923076923,0.8192307692307692,0.7903846153846154,422.99999999999994,8.04155872120988,True
mm-privilege-escalation,mm-roleplay,0.5961538461538461,0.6384615384615384,0.5903846153846154,0.6326923076923077,319.5,12.819256348686261,True
mm-prompt-injection,ea-encryption,0.6730769230769231,0.6288461538461538,0.6903846153846154,0.7134615384615385,351.75,18.607794065928402,True
mm-prompt-injection,ea-fictional,0.009615384615384616,0.011538461538461539,0.011538461538461539,0.009615384615384616,5.5,0.5773502691896258,False
mm-prompt-injection,ea-obfuscation,0.7076923076923077,0.7019230769230769,0.6961538461538461,0.675,361.5,7.416198487095653,True
mm-prompt-injection,ea-paraphrasing,0.5807692307692308,0.5903846153846154,0.5673076923076923,0.55,297.5,9.110433579144296,True
mm-prompt-injection,ea-translation,0.6480769230769231,0.5980769230769231,0.6403846153846153,0.6692307692307692,332.25,15.52149047825841,True
mm-prompt-injection,mm-cognitive-hacking,0.0,0.0019230769230769232,0.0038461538461538464,0.0019230769230769232,1.0,0.8164965809277261,False
mm-prompt-injection,mm-forced-completion,0.0057692307692307696,0.013461538461538462,0.009615384615384616,0.013461538461538462,5.5,1.9148542155126764,False
mm-prompt-injection,mm-gaslighting,0.007692307692307693,0.01730769230769231,0.009615384615384616,0.007692307692307693,5.5,2.380476142847616,False
mm-prompt-injection,mm-nshot-hacking,0.021153846153846155,0.015384615384615385,0.0038461538461538464,0.011538461538461539,6.75,3.7749172176353754,False
mm-prompt-injection,mm-privilege-escalation,0.7,0.698076923076923,0.7173076923076923,0.6923076923076923,365.0,5.597618541248895,True
mm-prompt-injection,mm-roleplay,0.028846153846153848,0.026923076923076925,0.04423076923076923,0.046153846153846156,19.0,5.228129047119374,False
mm-roleplay,ea-encryption,0.27692307692307694,0.3076923076923077,0.33076923076923076,0.275,154.75000000000003,13.88944443333377,True
mm-roleplay,ea-fictional,0.11923076923076924,0.12884615384615383,0.10961538461538461,0.13653846153846153,64.25,6.075908711186058,False
mm-roleplay,ea-obfuscation,0.8057692307692308,0.8480769230769231,0.7980769230769231,0.8038461538461539,423.24999999999994,11.954775893619518,True
mm-roleplay,ea-paraphrasing,0.5769230769230769,0.5615384615384615,0.5692307692307692,0.5538461538461539,294.0,5.163977794943204,True
mm-roleplay,ea-translation,0.6326923076923077,0.6307692307692307,0.6576923076923077,0.6788461538461539,337.99999999999994,11.860297916438144,True
mm-roleplay,mm-cognitive-hacking,0.046153846153846156,0.03653846153846154,0.03461538461538462,0.038461538461538464,20.25,2.6299556396765835,False
mm-roleplay,mm-forced-completion,0.0057692307692307696,0.011538461538461539,0.0057692307692307696,0.009615384615384616,4.25,1.5,False
mm-roleplay,mm-gaslighting,0.05576923076923077,0.07692307692307693,0.10961538461538461,0.07884615384615384,41.74999999999999,11.528949070347508,False
mm-roleplay,mm-nshot-hacking,0.0057692307692307696,0.013461538461538462,0.007692307692307693,0.019230769230769232,6.0,3.1622776601683795,False
mm-roleplay,mm-privilege-escalation,0.17115384615384616,0.13076923076923078,0.18076923076923077,0.18076923076923077,86.25000000000001,12.392874296680866,False
mm-roleplay,mm-prompt-injection,0.0057692307692307696,0.0019230769230769232,0.0019230769230769232,0.0019230769230769232,1.5,1.0,False
