phase,run,kind,hash_matched_responses
discovery,gemma,baselines,6240
discovery,gemma,chains,68640
discovery,luna,baselines,6240
discovery,luna,chains,68640
discovery,qwen,baselines,6240
discovery,qwen,chains,68640
discovery,r1,baselines,6240
discovery,r1,chains,68640
stability,gemma_run1,baselines,3640
stability,gemma_run1,chains,3640
stability,gemma_run2,baselines,3640
stability,gemma_run2,chains,3640
stability,gemma_run3,baselines,3640
stability,gemma_run3,chains,3640
stability,gemma_run4,baselines,3640
stability,gemma_run4,chains,3640
stability,gemma_run5,baselines,3640
stability,gemma_run5,chains,3640
stability,luna_run1,baselines,3640
stability,luna_run1,chains,3640
stability,luna_run2,baselines,3640
stability,luna_run2,chains,3640
stability,luna_run3,baselines,3640
stability,luna_run3,chains,3640
stability,luna_run4,baselines,3640
stability,luna_run4,chains,3640
stability,luna_run5,baselines,3640
stability,luna_run5,chains,3640
stability,qwen_run1,baselines,3120
stability,qwen_run1,chains,3640
stability,qwen_run2,baselines,3120
stability,qwen_run2,chains,3640
stability,qwen_run3,baselines,3120
stability,qwen_run3,chains,3640
stability,qwen_run4,baselines,3120
stability,qwen_run4,chains,3640
stability,qwen_run5,baselines,3120
stability,qwen_run5,chains,3640
stability,r1_run1,baselines,3640
stability,r1_run1,chains,3640
stability,r1_run2,baselines,3640
stability,r1_run2,chains,3640
stability,r1_run3,baselines,3640
stability,r1_run3,chains,3640
stability,r1_run4,baselines,3640
stability,r1_run4,chains,3640
stability,r1_run5,baselines,3640
stability,r1_run5,chains,3640
